# overall,# in season,Season,Title,Original air date
1,1,1,"""Winter Is Coming""","April 17, 2011"
2,2,1,"""The Kingsroad""","April 24, 2011"
3,3,1,"""Lord Snow""","May 1, 2011"
4,4,1,"""Cripples, Bastards, and Broken Things""","May 8, 2011"
5,5,1,"""The Wolf and the Lion""","May 15, 2011"
6,6,1,"""A Golden Crown""","May 22, 2011"
7,7,1,"""You Win or You Die""","May 29, 2011"
8,8,1,"""The Pointy End""","June 5, 2011"
9,9,1,"""Baelor""","June 12, 2011"
10,10,1,"""Fire and Blood""","June 19, 2011"
11,1,2,"""The North Remembers""","April 1, 2012"
12,2,2,"""The Night Lands""","April 8, 2012"
13,3,2,"""What Is Dead May Never Die""","April 15, 2012"
14,4,2,"""Garden of Bones""","April 22, 2012"
15,5,2,"""The Ghost of Harrenhal""","April 29, 2012"
16,6,2,"""The Old Gods and the New""","May 6, 2012"
17,7,2,"""A Man Without Honor""","May 13, 2012"
18,8,2,"""The Prince of Winterfell""","May 20, 2012"
19,9,2,"""Blackwater""","May 27, 2012"
20,10,2,"""Valar Morghulis""","June 3, 2012"
21,1,3,"""Valar Dohaeris""","March 31, 2013"
22,2,3,"""Dark Wings, Dark Words""","April 7, 2013"
23,3,3,"""Walk of Punishment""","April 14, 2013"
24,4,3,"""And Now His Watch Is Ended""","April 21, 2013"
25,5,3,"""Kissed by Fire""","April 28, 2013"
26,6,3,"""The Climb""","May 5, 2013"
27,7,3,"""The Bear and the Maiden Fair""","May 12, 2013"
28,8,3,"""Second Sons""","May 19, 2013"
29,9,3,"""The Rains of Castamere""","June 2, 2013"
30,10,3,"""Mhysa""","June 9, 2013"
31,1,4,"""Two Swords""","April 6, 2014"
32,2,4,"""The Lion and the Rose""","April 13, 2014"
33,3,4,"""Breaker of Chains""","April 20, 2014"
34,4,4,"""Oathkeeper""","April 27, 2014"
35,5,4,"""First of His Name""","May 4, 2014"
36,6,4,"""The Laws of Gods and Men""","May 11, 2014"
37,7,4,"""Mockingbird""","May 18, 2014"
38,8,4,"""The Mountain and the Viper""","June 1, 2014"
39,9,4,"""The Watchers on the Wall""","June 8, 2014"
40,10,4,"""The Children""","June 15, 2014"
41,1,5,"""The Wars to Come""","April 12, 2015"
42,2,5,"""The House of Black and White""","April 19, 2015"
43,3,5,"""High Sparrow""","April 26, 2015"
44,4,5,"""Sons of the Harpy""","May 3, 2015"
45,5,5,"""Kill the Boy""","May 10, 2015"
46,6,5,"""Unbowed, Unbent, Unbroken""","May 17, 2015"
47,7,5,"""The Gift""","May 24, 2015"
48,8,5,"""Hardhome""","May 31, 2015"
49,9,5,"""The Dance of Dragons""","June 7, 2015"
50,10,5,"""Mother's Mercy""","June 14, 2015"
51,1,6,"""The Red Woman""","April 24, 2016"
52,2,6,"""Home""","May 1, 2016"
53,3,6,"""Oathbreaker""","May 8, 2016"
54,4,6,"""Book of the Stranger""","May 15, 2016"
55,5,6,"""The Door""","May 22, 2016"
56,6,6,"""Blood of My Blood""","May 29, 2016"
57,7,6,"""The Broken Man""","June 5, 2016"
58,8,6,"""No One""","June 12, 2016"
59,9,6,"""Battle of the Bastards""","June 19, 2016"
60,10,6,"""The Winds of Winter""","June 26, 2016"
61,1,7,"""Dragonstone""","July 16, 2017"
62,2,7,"""Stormborn""","July 23, 2017"
63,3,7,"""The Queen's Justice""","July 30, 2017"
64,4,7,"""The Spoils of War""","August 6, 2017"
65,5,7,"""Eastwatch""","August 13, 2017"
66,6,7,"""Beyond the Wall""","August 20, 2017"
67,7,7,"""The Dragon and the Wolf""","August 27, 2017"
68,1,8,"""Winterfell""","April 14, 2019"
69,2,8,"""A Knight of the Seven Kingdoms""","April 21, 2019"
70,3,8,TBA,"April 28, 2019"
71,4,8,TBA,"May 5, 2019"
72,5,8,TBA,"May 12, 2019"
73,6,8,TBA,"May 19, 2019"